-- Adminer 4.8.1 MySQL 5.5.5-10.3.27-MariaDB-cll-lve dump

SET NAMES utf8;
SET time_zone = '+00:00';
SET foreign_key_checks = 0;
SET sql_mode = 'NO_AUTO_VALUE_ON_ZERO';

DROP TABLE IF EXISTS `kasir`;
CREATE TABLE `kasir` (
  `id kasir` varchar(6) NOT NULL,
  `idtoko` int(11) DEFAULT NULL,
  `nama` varchar(30) NOT NULL,
  `nohp` varchar(20) NOT NULL,
  PRIMARY KEY (`id kasir`),
  KEY `idtoko` (`idtoko`),
  CONSTRAINT `kasir_ibfk_2` FOREIGN KEY (`idtoko`) REFERENCES `toko` (`idtoko`) ON DELETE CASCADE ON UPDATE CASCADE
) ENGINE=InnoDB DEFAULT CHARSET=latin1;

INSERT INTO `kasir` (`id kasir`, `idtoko`, `nama`, `nohp`) VALUES
('',	NULL,	'',	''),
('1',	2,	'Hertanti',	'08822987432'),
('10',	2,	'shinta nuriyatul',	'085704097096'),
('11',	3,	'R.Bella Aprilia Damayanti',	'089658567766'),
('12',	3,	'Triasmi Dwi',	'081232544839'),
('13',	4,	'Nurul Faizah',	'087849999123'),
('14',	2,	'Citra Indah Lestari',	'088323455678'),
('15',	3,	'Aisyah ',	'087888098765'),
('183',	11,	'FAHAD',	'082132977962'),
('2',	3,	'Puput',	'087720427433'),
('28',	2,	'Muhammad Arbiansyafa Siswanto',	'082233341411'),
('3',	4,	'Rizky',	'089346789209'),
('30',	2,	'Gio Alpin Jeisa Tarigan',	'081264633890'),
('4',	14,	'aly akbar al mutsana',	'0895396346180'),
('44',	2,	'AQILA',	'082335832510'),
('46',	13,	'Alifnur Fathurrahman Prasodjo',	'082337606730'),
('5',	1,	'shintaa',	'081938888860'),
('6',	1,	'alya',	'081234567900'),
('69',	3,	'Zulvan',	'08223183222'),
('7',	6,	'Yayan',	'082332311189'),
('70',	6,	'Irul',	'082337470663'),
('8',	1,	'iqbal bhq',	'089567789080'),
('87',	3,	'Akhmad Bukhari Ma\'mun',	'085232237187'),
('9',	3,	'Rizky S',	'08973983572'),
('94',	12,	'Haris Muhajir Al Fatih',	'085784574084'),
('97',	11,	'Raihan',	'081221455896');

DROP TABLE IF EXISTS `menu`;
CREATE TABLE `menu` (
  `idmenu` int(11) NOT NULL AUTO_INCREMENT,
  `nama_menu` varchar(100) NOT NULL,
  `harga` decimal(20,0) NOT NULL,
  `status` enum('ready','not ready','pre order') NOT NULL,
  `kategori` enum('makanan','minuman','snack') NOT NULL,
  PRIMARY KEY (`idmenu`)
) ENGINE=InnoDB DEFAULT CHARSET=latin1;

INSERT INTO `menu` (`idmenu`, `nama_menu`, `harga`, `status`, `kategori`) VALUES
(1,	'NASI GORENG SPESIAL',	15000,	'ready',	'makanan'),
(2,	'NASI GORENG BIASA',	10000,	'ready',	'makanan'),
(3,	'NASI GORENG SEAFOOD',	20000,	'ready',	'makanan'),
(4,	'RAWON BPJS',	20000,	'ready',	'makanan'),
(5,	'RAWON SULTAN',	25000,	'ready',	'makanan'),
(6,	'SOTO BENING',	10000,	'not ready',	'makanan'),
(7,	'SOTO BENING + TELOR',	15000,	'ready',	'makanan'),
(8,	'SOTO CAMPUR',	20000,	'ready',	'makanan'),
(9,	'KAMBING OVEN',	200000,	'pre order',	'makanan'),
(10,	'SATE AYAM',	13500,	'ready',	'makanan'),
(15,	'SATE KERANG',	14000,	'ready',	'makanan'),
(16,	'NASI PADANG',	20000,	'pre order',	'makanan'),
(17,	'ES TELER',	10000,	'ready',	'minuman'),
(18,	'KACANG POLONG',	5000,	'pre order',	'snack'),
(20,	'ES TEH',	19000,	'ready',	'minuman'),
(21,	'TEH PANAS',	3000,	'ready',	'minuman'),
(22,	'TEH TAWAR',	2000,	'ready',	'minuman'),
(23,	'KERIPIK JAGUNG',	5000,	'ready',	'snack'),
(24,	'KERIPIK SINGKONG',	5000,	'pre order',	'snack'),
(25,	'KACANG KAPRI',	6000,	'ready',	'snack'),
(26,	'KERUPUK UDANG',	5000,	'not ready',	'snack'),
(27,	'KERUPUK IKAN',	5000,	'not ready',	'snack'),
(28,	'SOP IGA SAPI',	35000,	'ready',	'makanan'),
(29,	'RENDANG',	30000,	'pre order',	'makanan'),
(30,	'JUS MANGGA',	10000,	'ready',	'minuman'),
(31,	'AIR MINERAL',	2000,	'ready',	'minuman'),
(32,	'SARI GANDUM',	3000,	'ready',	'snack'),
(33,	'HONEY MUSTARD SALAD',	23000,	'ready',	'makanan'),
(34,	'ICE LEMON TEA',	7000,	'ready',	'minuman'),
(35,	'CHOCO PIE',	2500,	'ready',	'snack'),
(36,	'RUJAK SOTO',	15000,	'ready',	'makanan'),
(37,	'NASI AYAM PENYETAN',	18000,	'ready',	'makanan'),
(38,	'ES DURIAN',	20000,	'pre order',	'minuman'),
(39,	'NASI BEBEK',	20000,	'ready',	'makanan'),
(40,	'ICE CAPPUCINO',	8000,	'ready',	'minuman'),
(44,	'CHITATO',	10000,	'ready',	'snack'),
(45,	'roti maryam',	15000,	'ready',	'makanan'),
(46,	'gulai kambing',	50000,	'not ready',	'makanan'),
(47,	'nasi kebuli',	100000,	'pre order',	'makanan'),
(48,	'Es Siwalan',	10000,	'ready',	'minuman'),
(50,	'Chiken Parmesan',	13000,	'ready',	'makanan'),
(51,	'Pancake',	20000,	'pre order',	'makanan'),
(52,	'Beef Salad',	25000,	'ready',	'makanan'),
(53,	'AYAM GEPREK',	15000,	'ready',	'makanan'),
(54,	'CHICKEN STRIP',	14000,	'ready',	'makanan'),
(55,	'NUGGET',	11000,	'not ready',	'makanan'),
(56,	'ICE CONE',	5000,	'ready',	'minuman'),
(57,	'MILO',	8000,	'ready',	'minuman'),
(58,	'AYAM GEPREK SAMBAL MATAH',	9000,	'ready',	'makanan'),
(59,	'AYAM BAKAR LIMAU ',	25000,	'',	'makanan'),
(60,	'JUS ALPUKAT',	8000,	'pre order',	'minuman'),
(61,	'ES SARANG SEMUT',	15000,	'ready',	'minuman'),
(62,	'Wingko',	50000,	'pre order',	'snack'),
(63,	'LONTONG KIKIL',	20000,	'not ready',	'makanan'),
(64,	'Ayam Kremes Spesial Sambel Uleg',	25000,	'ready',	'makanan'),
(65,	'Putu Ayu McFlurry Oreo',	20000,	'not ready',	'snack'),
(66,	'Es Kopi Kelapa Float',	15000,	'pre order',	'minuman'),
(67,	'Soda Gembira',	6000,	'ready',	'minuman'),
(69,	'AYAM BAKAR',	15000,	'ready',	'makanan'),
(70,	'Gulai Guri McShaker',	25000,	'not ready',	'makanan'),
(71,	'Burger Rendang',	20000,	'pre order',	'snack'),
(72,	'AYAM BAKAR KECAP MADU',	15000,	'ready',	'makanan'),
(73,	'GULAI AYAM',	15000,	'not ready',	'makanan'),
(74,	'JAGUNG BAKAR',	10000,	'pre order',	'snack'),
(75,	'nasi goreng sepesial bumbu balado',	25000,	'ready',	'makanan'),
(76,	'Sate Lalat campur kelinci',	15000,	'',	'makanan'),
(77,	'Mie sedap kare ayam',	6000,	'ready',	'makanan'),
(79,	'IKAN BAKAR SAMBAL MATAH',	25000,	'ready',	'makanan'),
(82,	'NEXTAR',	3000,	'ready',	'snack'),
(83,	'RICE BOWL AYAM SAMABAL MATAH',	22000,	'pre order',	'makanan'),
(84,	'MILKSHAKE',	18000,	'ready',	'minuman'),
(85,	'SALAD',	18000,	'not ready',	'makanan'),
(86,	'sate kebuli',	50000,	'ready',	'makanan'),
(87,	'ikan kikil sambel ijo',	30000,	'not ready',	'makanan'),
(88,	'es kebuli',	13000,	'pre order',	'minuman'),
(89,	'TEMPE KRISPI',	10000,	'ready',	'snack'),
(90,	'TAHU PETIS',	10000,	'ready',	'snack'),
(91,	'KENTANG GORENG',	12000,	'ready',	'snack'),
(92,	'KUACI BAKAR',	10000,	'ready',	'snack'),
(93,	'KUACI REBUS',	10000,	'ready',	'snack'),
(94,	'KUACI GORENG',	11500,	'ready',	'snack'),
(95,	'USUS CRISPY',	9500,	'ready',	'snack'),
(96,	'ES TARO',	8000,	'ready',	'minuman'),
(97,	'JAMUR CRISPY',	10000,	'ready',	'snack'),
(98,	'Burger',	15000,	'ready',	'makanan'),
(99,	'Pizza',	47000,	'pre order',	'makanan'),
(100,	'French Fries',	11000,	'ready',	'makanan'),
(101,	'Donat',	13000,	'ready',	'makanan'),
(102,	'Matcha milk',	8000,	'not ready',	'minuman'),
(103,	'Coca-cola',	10000,	'ready',	'minuman'),
(104,	'Cokelat',	15000,	'',	'snack'),
(105,	'Croffle',	20000,	'ready',	'snack'),
(106,	'LALAPAN',	15000,	'ready',	'makanan'),
(107,	'SEBLAK',	15000,	'ready',	'makanan'),
(108,	'TEMPE PENYET',	10000,	'ready',	'makanan'),
(109,	'JOSHUA',	9000,	'ready',	'minuman'),
(110,	'KENTANG CRISPY',	11000,	'pre order',	'snack'),
(113,	'Cireng',	12000,	'ready',	'snack'),
(114,	'Nutrisari',	6000,	'ready',	'minuman'),
(115,	'Batagor',	9000,	'ready',	'snack'),
(119,	'ayam geprek bumbu merah',	17000,	'ready',	'makanan'),
(120,	'nasi padang barokah',	18000,	'ready',	'makanan'),
(121,	'bakso rusuk jos',	150000,	'ready',	'makanan'),
(122,	'Sate Padang',	26000,	'ready',	'makanan'),
(123,	'Jus alpukat',	12000,	'ready',	'minuman'),
(124,	'Cheetos',	10000,	'ready',	'snack'),
(125,	'ayam geprek sinjay',	18000,	'ready',	'makanan'),
(126,	'ayam bakar',	15000,	'pre order',	'makanan'),
(127,	'es teler',	7000,	'ready',	'minuman'),
(128,	'Teh Susu',	8000,	'ready',	'minuman'),
(129,	'Nasi Serpang',	12500,	'pre order',	'makanan'),
(130,	'Es Oyen ',	11000,	'ready',	'minuman'),
(133,	'Nugget Buah',	14000,	'ready',	'snack'),
(134,	'Ayam Madu',	24000,	'not ready',	'makanan'),
(135,	'Es Kocok Alpukat',	14000,	'pre order',	'minuman'),
(136,	'KOCOR',	2000,	'ready',	'snack'),
(137,	'Nasi Serpang',	20000,	'ready',	'makanan'),
(139,	'AQUA BOTOL BESAR',	7000,	'not ready',	'minuman'),
(140,	'Sop Buah',	15000,	'pre order',	'minuman'),
(141,	'MIE AYAM PENTOL',	15000,	'ready',	'makanan'),
(142,	'Oreo',	12000,	'pre order',	'snack'),
(143,	'Roti Sisir',	23000,	'ready',	'makanan'),
(144,	'Bakso Kikil',	30000,	'not ready',	'makanan'),
(145,	'Nasi Padang',	25000,	'pre order',	'makanan'),
(146,	'KEBAB',	13000,	'ready',	'snack'),
(147,	'BURGER BIASA',	15000,	'ready',	'snack'),
(148,	'NASI KUCING',	3000,	'ready',	'snack'),
(149,	'GULE MARYAM',	25000,	'ready',	'makanan'),
(150,	'WEDANG JAHE',	5000,	'ready',	'minuman'),
(151,	'KERIPIK BAYAM',	7000,	'pre order',	'snack'),
(200,	'KOPI HITAM',	5000,	'ready',	'minuman'),
(201,	'KOPI CHOCOLATE',	9000,	'ready',	'minuman'),
(202,	'ENERGEN',	7000,	'ready',	'minuman'),
(203,	'Caramel Machiato',	8000,	'ready',	'minuman'),
(204,	'Chiken Katsu',	17000,	'ready',	'makanan'),
(206,	'Banana Roll',	23000,	'ready',	'snack'),
(808,	'Makaroni pedas',	15000,	'ready',	'snack'),
(809,	'p',	0,	'ready',	'makanan'),
(810,	'BROWNIES',	22000,	'ready',	'snack'),
(811,	'SPAGHETTI',	16000,	'ready',	'makanan'),
(812,	'YOGHURT JELLY',	15000,	'ready',	'minuman'),
(813,	'Bebek Sinjay',	15000,	'ready',	'makanan'),
(814,	'Terang Bulan',	13000,	'ready',	'makanan'),
(815,	'Es Durian',	150000,	'ready',	'minuman');

DELIMITER ;;

CREATE TRIGGER `menu_bi` BEFORE INSERT ON `menu` FOR EACH ROW
begin
  if new.nama_menu = '' then
    set new.nama_menu = null;
  end if;
end;;

DELIMITER ;

DROP TABLE IF EXISTS `pesanan`;
CREATE TABLE `pesanan` (
  `id_pesanan` int(11) NOT NULL AUTO_INCREMENT,
  `nm_pelanggan` varchar(100) NOT NULL,
  `tgl` date NOT NULL,
  `total_uang` decimal(20,0) NOT NULL,
  `jumlah_item` int(11) NOT NULL,
  `id_kasir` int(11) NOT NULL,
  PRIMARY KEY (`id_pesanan`)
) ENGINE=InnoDB DEFAULT CHARSET=latin1;

INSERT INTO `pesanan` (`id_pesanan`, `nm_pelanggan`, `tgl`, `total_uang`, `jumlah_item`, `id_kasir`) VALUES
(1,	'Ach Faisol',	'2022-03-08',	30000,	2,	3),
(2,	'Ach Faisol',	'2022-03-08',	12000,	1,	8),
(3,	'Ach Faisol',	'2022-03-08',	4000,	2,	44),
(4,	'Ach Faisol',	'2022-03-08',	16000,	2,	7),
(5,	'Muhammad Kurnia Sani',	'2022-04-08',	100000,	1,	11),
(6,	'Irja Multazamy',	'2022-03-09',	15000,	2,	22),
(7,	'Irja Multazamy',	'2022-03-09',	8000,	1,	23),
(8,	'Irja Multazamy',	'2022-03-09',	6000,	1,	24),
(9,	'Irja Multazamy',	'2022-03-07',	20000,	2,	25),
(10,	'Irja Multazamy',	'2022-04-01',	50000,	1,	28),
(11,	'Rania Nuraini',	'2022-03-09',	50000,	2,	22),
(12,	'Rania Nuraini',	'2022-03-10',	40000,	2,	22),
(13,	'Rania Nuraini',	'2022-04-09',	15000,	1,	22),
(14,	'much. zuhair abid f.',	'2022-03-09',	7000,	1,	10),
(15,	'much. zuhair abid f.',	'2022-04-09',	10000,	1,	10),
(16,	'much. zuhair abid f.',	'2022-04-10',	200000,	1,	10),
(17,	'Alif Akbaril Amin',	'2022-03-09',	50000,	3,	2),
(18,	'Alif Akbaril Amin',	'2022-04-03',	50000,	5,	2),
(19,	'Alif Akbaril Amin',	'2022-03-07',	30000,	2,	2),
(20,	'Alif Akbaril Amin',	'2022-04-01',	30000,	1,	2),
(21,	'Fadilatul Jannah',	'2022-03-10',	20000,	1,	5),
(22,	'Fadilatul Jannah',	'2022-03-24',	50000,	2,	8),
(23,	'Fadilatul Jannah',	'2022-04-14',	60000,	4,	4),
(24,	'Fadilatul Jannah',	'2022-04-20',	160000,	4,	10),
(25,	'Fadilatul Jannah',	'2022-05-05',	100000,	10,	6),
(26,	'Nuskhatul Haqqi',	'2022-03-09',	28000,	2,	1),
(27,	'Nuskhatul Haqqi',	'2022-03-10',	36000,	4,	11),
(28,	'Nuskhatul Haqqi',	'2022-04-01',	30000,	6,	12),
(29,	'Nuskhatul Haqqi',	'2022-04-02',	27000,	2,	13),
(30,	'Normalita Eka Ariyanti',	'2022-03-19',	60000,	2,	44),
(31,	'Normalita Eka Ariyanti',	'2022-04-02',	85000,	3,	2),
(32,	'Normalita Eka Ariyanti',	'2022-04-19',	90000,	2,	44),
(33,	'Amelia Nur Septiyasari',	'2022-03-01',	40000,	2,	19),
(34,	'Amelia Nur Septiyasari',	'2022-03-09',	55000,	3,	9),
(35,	'Amelia Nur Septiyasari',	'2022-04-05',	65000,	3,	19),
(36,	'Purnomo RIbut',	'2002-03-09',	50000,	5,	27),
(37,	'ARUSAL KHOFIQOYNI',	'2022-03-09',	15000,	3,	10),
(38,	'ARUSAL KHOFIQOYNI',	'2022-03-09',	5000,	6,	40),
(39,	'ARUSAL KHOFIQOYNI',	'2022-03-09',	12000,	5,	11),
(40,	'ARUSAL KHOFIQOYNI',	'2022-04-09',	150000,	1,	12),
(41,	'Purnomo RIbut',	'2002-04-01',	100000,	10,	27),
(42,	'Purnomo RIbut',	'2002-04-09',	150000,	15,	27),
(43,	'ARUSAL KHOFIQOYNI',	'2022-03-09',	15000,	3,	10),
(44,	'ARUSAL KHOFIQOYNI',	'2022-03-09',	5000,	6,	40),
(45,	'ARUSAL KHOFIQOYNI',	'2022-03-09',	12000,	5,	11),
(46,	'ARUSAL KHOFIQOYNI',	'2022-04-09',	200000,	1,	12),
(47,	'ARUSAL KHOFIQOYNI',	'2022-03-09',	15000,	3,	10),
(48,	'ARUSAL KHOFIQOYNI',	'2022-03-09',	5000,	6,	40),
(49,	'ARUSAL KHOFIQOYNI',	'2022-03-09',	12000,	5,	11),
(50,	'ARUSAL KHOFIQOYNI',	'2022-04-09',	200000,	1,	12),
(51,	'Muhammad Hanif Santoso',	'2022-03-15',	50000,	2,	3),
(52,	'Muhammad Hanif Santoso',	'2022-03-25',	50000,	2,	3),
(53,	'Muhammad Hanif Santoso',	'2022-04-05',	150000,	1,	3),
(54,	'Muhammad Hanif Santoso',	'2022-04-10',	30000,	2,	3),
(64,	'Nella Adrisia Hartono',	'2022-02-20',	10,	1,	1),
(65,	'Purnomo RIbut',	'2002-05-09',	150000,	15,	27),
(70,	'Nella Adrisia Hartono',	'2022-02-20',	10000,	1,	1),
(75,	'Nella Adrisia Hartono',	'2022-02-21',	15000,	5,	15),
(76,	'Nella Adrisia Hartono',	'2022-02-22',	25000,	10,	5),
(77,	'Nella Adrisia Hartono',	'2022-02-23',	7000,	3,	25),
(78,	'Nella Adrisia Hartono',	'2022-02-24',	3000,	20,	53),
(79,	'Purnomo Ribut',	'2022-05-07',	200000,	20,	27),
(80,	'Mohammad Unis Iswahyudi',	'2022-03-12',	50000,	3,	31),
(81,	'Mohammad Unis Iswahyudi',	'2022-03-13',	50000,	4,	31),
(82,	'Mohammad Unis Iswahyudi',	'2022-04-14',	50000,	5,	31),
(83,	'Lukman Nul Hakim',	'2022-03-09',	10000,	3,	8),
(84,	'Lukman Nu Hakim',	'2022-03-09',	20000,	7,	10),
(85,	'Lukman Nu Hakim',	'2022-03-09',	30000,	5,	1),
(86,	'M. Shokhibul Anwar',	'2022-02-27',	3000,	1,	46),
(87,	'M. Shokhibul Anwar',	'2022-02-28',	3000,	1,	97),
(88,	'M. Shokhibul Anwar',	'2022-03-01',	5000,	1,	97),
(89,	'M. Shokhibul Anwar',	'2022-02-27',	2000,	1,	46),
(90,	'Fadetul Fitriyeh',	'2022-03-09',	50000,	1,	10),
(91,	'Fadetul Fitriyeh',	'2022-03-09',	100000,	1,	5),
(92,	'Fadetul Fitriyeh',	'2022-03-09',	50000,	1,	1),
(93,	'Fadetul Fitriyeh',	'2022-03-09',	100000,	1,	44),
(94,	'Diah Dwi Syntia ',	'2022-03-09',	100000,	2,	15),
(95,	'Diah Dwi Syntia ',	'2022-04-11',	30000,	2,	15),
(96,	'Diah Dwi Syntia ',	'2022-03-10',	40000,	2,	15),
(97,	'Fajrul Ihsan Kamil',	'2022-03-09',	20000,	3,	5),
(98,	'Fajrul Ihsan Kamil',	'2022-03-10',	25000,	2,	44),
(99,	'Fajrul Ihsan Kamil',	'2022-04-11',	15000,	2,	30),
(100,	'Alfito Wahyu Kamaly',	'2022-03-08',	30000,	1,	3),
(101,	'Alfito Wahyu Kamaly',	'2022-03-09',	10000,	3,	31),
(102,	'Alfito Wahyu Kamaly',	'2022-03-10',	25000,	2,	15),
(105,	'Annisa Putri Pawestri',	'2022-03-05',	50000,	5,	15),
(106,	'Annisa Putri Pawestri',	'2022-03-05',	30000,	1,	12),
(107,	'Annisa Putri Pawestri',	'2022-03-07',	100000,	5,	16),
(108,	'mohammad zainal taufik',	'2022-03-10',	78000,	2,	30),
(118,	'mohammad zainal taufik',	'2022-03-10',	79000,	22,	31),
(119,	'mohammad zainal taufik',	'2022-03-10',	179000,	3,	32),
(121,	'Dhafa Febriyan Wiranata',	'2022-03-12',	50000,	3,	13),
(122,	'Dhafa Febriyan Wiranata',	'2022-03-12',	60000,	4,	13),
(123,	'Dhafa Febriyan Wiranata',	'2022-03-12',	100000,	6,	13),
(124,	'Dhafa Febriyan Wiranata',	'2022-03-12',	12000,	2,	13),
(250,	'Mas\'ady Fawaizul Ihsan',	'2022-03-10',	10000,	1,	20),
(251,	'Mas\'ady Fawaizul Ihsan',	'2022-03-11',	50000,	3,	20),
(252,	'Mas\'ady Fawaizul Ihsan',	'2022-03-12',	40000,	2,	20),
(606,	'Muhammad Ainul Yaqin',	'2022-03-21',	20000,	1,	4),
(607,	'Muhammad Ainul Yaqin',	'2022-04-29',	50000,	3,	4),
(608,	'Muhammad Ainul Yaqin',	'2022-03-22',	55000,	4,	4),
(1222,	'Aisyiyah Maulana Wibawati',	'2022-03-10',	100000,	2,	4),
(1223,	'Aisyiyah Maulana Wibawati',	'2022-03-11',	50000,	3,	4),
(1224,	'Aisyiyah Maulana Wibawati',	'2022-03-12',	30000,	2,	3),
(1225,	'Aisyiyah Maulana Wibawati',	'2022-01-10',	50000,	3,	6),
(1226,	'Aisyiyah Maulana Wibawati',	'2022-04-10',	25000,	2,	6),
(1230,	'Citra Indah Lestari',	'2022-03-22',	45000,	3,	7),
(1234,	'Citra Indah Lestari',	'2022-03-20',	60000,	2,	8),
(1235,	'Alief Fadhilah',	'2022-03-09',	50000,	3,	2),
(1236,	'Arifatul Maghfiroh',	'2022-03-09',	40000,	2,	2),
(1237,	'Citra Indah Lestari',	'2022-03-21',	25000,	1,	2),
(1238,	'Alief Fadhilah',	'2022-03-09',	50000,	3,	2),
(1239,	'Arifatul Maghfiroh',	'2022-03-18',	60000,	3,	8),
(1240,	'Alief Fadhilah',	'2022-03-09',	50000,	3,	2),
(1241,	'Alief Fadhilah',	'2022-03-09',	50000,	3,	2),
(1242,	'Arifatul Maghfiroh',	'2022-04-04',	30000,	3,	12),
(1243,	'Alief Fadhilah',	'2022-03-09',	50000,	3,	2),
(1244,	'Arifatul Maghfiroh',	'2022-03-22',	45000,	3,	12),
(1245,	'Arifatul Maghfiroh',	'2022-04-24',	90000,	3,	17),
(1246,	'Alief Fadhilah',	'0000-00-00',	0,	0,	0),
(1247,	'Alief Fadhilah',	'0000-00-00',	0,	0,	0),
(1831,	'FAHAD ALFAN DANNY',	'2022-01-11',	100000,	2,	183),
(1832,	'FAHAD ALFAN DANNY',	'2022-02-11',	50000,	1,	183),
(1833,	'FAHAD ALFAN DANNY',	'2022-03-05',	100000,	2,	183),
(11121,	'Aisyatur Radiah',	'2022-03-08',	30000,	2,	4),
(11122,	'Aisyatur Radiah',	'2022-03-09',	35000,	1,	44),
(11123,	'Aisyatur Radiah',	'2022-04-10',	25000,	3,	20),
(11124,	'Aisyatur Radiah',	'2022-04-09',	100000,	2,	12),
(11125,	'Aisyatur Radiah',	'2022-04-09',	100000,	2,	12),
(11126,	'Mohammad Sholeh Huddin',	'2022-03-09',	12000,	3,	5),
(11127,	'Mohammad Sholeh Huddin',	'2022-03-09',	10000,	2,	6),
(11128,	'Mohammad Sholeh Huddin',	'2022-03-09',	18000,	2,	7),
(11129,	'Ghaniy Albar R K',	'2022-03-14',	60000,	2,	2),
(11130,	'Ghaniy Albar R K',	'2022-03-07',	200000,	6,	3),
(11131,	'Ghaniy Albar R K',	'2022-03-30',	60000,	2,	2),
(11132,	'Ghaniy Albar R K',	'2022-04-14',	80000,	3,	3),
(11133,	'aly akbar al mutsana',	'2022-03-10',	8000,	2,	4),
(11134,	'aly akbar al mutsana',	'2022-03-10',	25000,	1,	4),
(11135,	'aly akbar al mutsana',	'2022-03-10',	12000,	1,	4),
(11136,	'Amanda Caecilia M',	'2022-03-12',	100000,	1,	20),
(11137,	'Amanda Caecilia M',	'2022-03-16',	80000,	2,	20),
(11138,	'Amanda Caecilia M',	'2022-04-01',	40000,	1,	20),
(11139,	'Ahmad Zulvan Baihaqi',	'2022-03-10',	100000,	2,	69),
(11140,	'Ahmad Zulvan Baihaqi',	'2022-03-11',	50000,	2,	69),
(11141,	'Ahmad Zulvan Baihaqi',	'2022-03-11',	70000,	2,	69),
(11142,	'Rizky Sarsyah Nur Prasojo',	'2022-03-10',	15000,	2,	1),
(11143,	'Rizky Sarsyah Nur Prasojo',	'2022-03-10',	18000,	3,	1),
(11144,	'Rizky Sarsyah Nur Prasojo',	'2022-03-10',	10000,	1,	1),
(11145,	'',	'0000-00-00',	0,	0,	0),
(11146,	'Audy Nursi Fortuna',	'2022-03-08',	24000,	2,	2),
(11147,	'Bagas Pratama Putra',	'2022-03-27',	65000,	7,	39),
(11148,	'Bagas Pratama Putra',	'2022-03-03',	85000,	9,	39),
(11149,	'Bagas Pratama Putra',	'2022-03-09',	105000,	11,	39),
(11150,	'Audy Nursi Fortuna',	'2022-03-09',	60000,	3,	5),
(11151,	'Audy Nursi Fortuna',	'2022-03-10',	18000,	1,	4),
(11152,	'Bagas Pratama Putra',	'2022-03-27',	65000,	7,	39),
(11153,	'Bagas Pratama Putra',	'2022-04-03',	85000,	9,	39),
(11154,	'Bagas Pratama Putra',	'2022-04-09',	105000,	11,	39),
(11155,	'Muhammad Fathuthoriq',	'2022-03-10',	50000,	3,	1),
(11156,	'Muhammad Fathuthoriq',	'2022-03-11',	20000,	1,	1),
(11157,	'Muhammad Fathuthoriq',	'2022-03-12',	100000,	5,	1),
(11158,	'wibu',	'0000-00-00',	5000,	10,	14),
(11159,	'wibu',	'2022-01-01',	5000,	3,	11),
(11163,	'Gio Alpin Jeisa Tarigan',	'2022-03-10',	78000,	2,	30),
(11167,	'Gio Alpin Jeisa Tarigan',	'2022-03-10',	80000,	3,	30),
(11168,	'Gio Alpin Jeisa Tarigan',	'2022-03-10',	50000,	1,	30),
(11169,	'R.Bella Aprilia Damayanti',	'2022-03-10',	15000,	2,	1),
(11170,	'R.Bella Aprilia Damayanti',	'2022-03-11',	20000,	3,	1),
(11171,	'R.Bella Aprilia Damayanti',	'2022-05-12',	10000,	1,	1),
(11174,	'Nurul Faizah',	'2022-03-10',	50000,	1,	20),
(11175,	'Nurul Faizah',	'2022-04-10',	70000,	3,	20),
(11176,	'Nurul Faizah',	'2022-02-10',	75000,	4,	20),
(11177,	'Muhammad Nur Hidayat',	'2002-03-10',	20000,	1,	7),
(11178,	'Muhammad Nur Hidayat',	'2002-03-09',	20000,	2,	7),
(11179,	'Muhammad Nur Hidayat',	'2002-03-08',	20000,	3,	7),
(11180,	'Triasmi Dwi Farawati',	'2022-03-10',	15000,	2,	1),
(11181,	'Triasmi Dwi Farawati',	'2022-03-10',	18000,	3,	1),
(11182,	'Triasmi Dwi Farawati',	'2022-03-10',	10000,	1,	1),
(11183,	'Muhammad Fathuthoriq',	'2022-01-11',	20000,	1,	1),
(11184,	'Dwi Aqilah Pradita',	'2022-01-10',	50000,	2,	23),
(11185,	'Dwi Aqilah Pradita',	'2022-02-09',	20000,	1,	11),
(11186,	'Dwi Aqilah Pradita',	'2022-03-08',	27000,	1,	28),
(11187,	'Muhammad ilham jaya',	'2022-04-11',	50000,	2,	1),
(11188,	'Achmad Arga Bimantara Akbar',	'2022-01-05',	20000,	10,	1),
(11189,	'Achmad Arga Bimantara Akbar',	'2022-02-05',	100000,	3,	10),
(11190,	'Achmad Arga Bimantara Akbar',	'2022-03-05',	50000,	10,	11),
(11191,	'Isnaini',	'2022-10-03',	15000,	1,	1),
(11192,	'Isnaini',	'2022-10-03',	20000,	1,	2),
(11193,	'Isnaini',	'2022-10-03',	30000,	2,	28),
(11194,	'Alifnur FP',	'2022-03-10',	1000000,	1,	70),
(11195,	'Alifnur FP',	'2022-03-10',	500000,	1,	7),
(11196,	'Alifnur FP',	'2022-03-03',	175000,	2,	12),
(11197,	'Alifian Naufaldy Pranzah',	'2022-03-10',	100000,	1,	46),
(11198,	'Alifian Naufaldy Pranzah',	'2022-03-09',	200000,	2,	70),
(11199,	'Alifian Naufaldy Pranzah',	'2022-03-08',	300000,	3,	7),
(11200,	'Aisyah Meta Sari Putri',	'2022-03-08',	50000,	4,	15),
(11201,	'Aisyah Meta Sari Putri',	'2022-03-09',	20000,	2,	15),
(11202,	'Aisyah Meta Sari Putri',	'2022-03-10',	15000,	1,	15),
(11203,	'Aisyah Meta Sari Putri',	'2022-03-10',	30000,	3,	15),
(11204,	'Moh Amirullah',	'2021-12-17',	40000,	2,	46),
(11205,	'Moh Amirullah',	'2022-01-12',	30000,	3,	7),
(11206,	'Moh Amirullah',	'2021-12-30',	30000,	2,	44),
(11207,	'MT Aldi Syahpranata',	'2022-01-15',	50000,	2,	23),
(11208,	'MT Aldi Syahpranata',	'2022-02-22',	20000,	1,	11),
(11209,	'MT Aldi Syahpranata',	'2022-03-07',	27000,	1,	28),
(11210,	'Maulana Malik Ibrohim',	'2022-03-10',	50000,	2,	70),
(11212,	'Maulana Malik Ibrohim',	'2022-03-10',	80000,	4,	7),
(11213,	'Maulana Malik Ibrohim',	'2022-03-10',	60000,	3,	46),
(11214,	'Muhammad Arbiansyafa Siswanto',	'2022-03-10',	27000,	2,	28),
(11215,	'Muhammad Arbiansyafa Siswanto',	'2022-03-10',	34000,	2,	28),
(11216,	'Sadam Payoda',	'2022-03-10',	50000,	2,	3),
(11217,	'Sadam Payoda',	'2022-03-10',	50000,	1,	8),
(11218,	'Sadam Payoda',	'2022-03-10',	50000,	1,	4),
(11219,	'Naufal Abdullah Rasyiq Zaki',	'2022-03-10',	20000,	3,	40),
(11220,	'Naufal Abdullah Rasyiq Zaki',	'2022-03-13',	40000,	6,	35),
(11221,	'Naufal Abdullah Rasyiq Zaki',	'2022-03-15',	25000,	1,	20),
(11222,	'Akhmad Raihan Aulia Fikri',	'2022-03-10',	30000,	1,	11),
(11223,	'Akhmad Raihan Aulia Fikri',	'2022-03-10',	50000,	9,	11),
(11224,	'Akhmad Raihan Aulia Fikri',	'2022-03-10',	30000,	10,	11),
(11225,	'Rama priyadi',	'2022-03-10',	9000,	4,	12),
(11226,	'Rama priyadi',	'2022-02-10',	50000,	2,	1),
(11227,	'Rama priyadi',	'2022-01-10',	100000,	3,	2),
(11228,	'Ach Faisol',	'2022-03-10',	60000,	3,	24),
(11229,	'achmad faisol',	'2022-01-06',	40000,	4,	2),
(11230,	'achmad faisol',	'2022-02-07',	50000,	5,	2),
(11231,	'achmad faisol',	'2022-03-08',	60000,	6,	2),
(11232,	'Shinta Nuriyatul Mahmudiyah',	'2022-03-13',	8000,	1,	10),
(11233,	'Shinta Nuriyatul Mahmudiyah',	'2022-03-14',	30000,	2,	10),
(11234,	'Shinta Alya Imani Putri',	'2022-04-13',	35000,	4,	7),
(11235,	'Shinta Alya Imani Putri',	'2022-04-14',	60000,	6,	8),
(11236,	'Shinta Alya Imani Putri',	'2022-04-14',	75000,	4,	14),
(11237,	'Shinta Alya Imani Putri',	'2022-04-14',	12000,	9,	14),
(11238,	'Baihaki',	'2022-03-14',	10500,	3,	2),
(11239,	'Isnain Fauziah',	'0000-00-00',	10000,	1,	3),
(11240,	'Isnain Fauziah',	'0000-00-00',	20000,	2,	1);

DROP TABLE IF EXISTS `pesanan_detil`;
CREATE TABLE `pesanan_detil` (
  `id_pesanan_detil` int(11) NOT NULL AUTO_INCREMENT,
  `id_pesanan` int(11) NOT NULL,
  `id_menu` int(11) NOT NULL,
  `jumlah` int(11) NOT NULL,
  `harga` decimal(20,0) NOT NULL,
  `subtotal` decimal(20,0) NOT NULL,
  `catatan` varchar(100) NOT NULL,
  PRIMARY KEY (`id_pesanan_detil`),
  KEY `id_pesanan` (`id_pesanan`),
  KEY `id_menu` (`id_menu`),
  CONSTRAINT `pesanan_detil_ibfk_1` FOREIGN KEY (`id_pesanan`) REFERENCES `pesanan` (`id_pesanan`),
  CONSTRAINT `pesanan_detil_ibfk_2` FOREIGN KEY (`id_menu`) REFERENCES `menu` (`idmenu`)
) ENGINE=InnoDB DEFAULT CHARSET=latin1;

INSERT INTO `pesanan_detil` (`id_pesanan_detil`, `id_pesanan`, `id_menu`, `jumlah`, `harga`, `subtotal`, `catatan`) VALUES
(1,	1,	2,	1,	10000,	0,	''),
(2,	1,	4,	3,	0,	0,	''),
(3,	1,	7,	3,	0,	0,	''),
(4,	2,	1,	1,	12000,	12000,	'tidak pedas'),
(5,	2,	21,	1,	3000,	3000,	'tidak terlalu panas (hangat)'),
(6,	3,	17,	1,	4000,	4000,	'es nya sedikit saja'),
(7,	3,	24,	1,	26000,	26000,	'minta keresek yang besar'),
(8,	4,	16,	1,	12000,	12000,	'tidak pakai sambal'),
(9,	4,	21,	1,	3000,	3000,	'tidak terlalu panas (hangat)'),
(10,	5,	1,	1,	12000,	12000,	'pedasnya sedang'),
(30,	6,	36,	1,	15000,	15000,	'Bungkus'),
(31,	6,	31,	1,	5000,	5000,	'Bungkus'),
(32,	7,	57,	1,	8000,	8000,	'Bungkus'),
(33,	8,	45,	1,	5000,	5000,	'Makan di tempat'),
(34,	9,	7,	1,	10000,	10000,	'Makan di Tempat'),
(35,	9,	31,	1,	5000,	5000,	'Bungkus'),
(36,	10,	28,	1,	45000,	45000,	'Makan di tempat'),
(37,	11,	28,	1,	45000,	45000,	'-'),
(38,	11,	18,	1,	5000,	5000,	'-'),
(39,	12,	58,	2,	20000,	40000,	'sambalnya dipisah'),
(40,	13,	60,	1,	15000,	15000,	'es batu sedikit saja'),
(41,	14,	4,	1,	7000,	7000,	'-'),
(42,	15,	2,	1,	10000,	10000,	'-'),
(43,	16,	9,	1,	200000,	200000,	'-'),
(44,	17,	2,	1,	10000,	10000,	'-'),
(46,	17,	57,	1,	8000,	8000,	'-'),
(47,	17,	20,	1,	3000,	3000,	'-'),
(48,	18,	2,	5,	10000,	50000,	'-'),
(49,	19,	2,	1,	10000,	10000,	'-'),
(50,	19,	20,	1,	3000,	3000,	'-'),
(51,	20,	57,	1,	8000,	8000,	'Tambah Es'),
(52,	21,	98,	1,	20000,	20000,	''),
(53,	22,	99,	2,	25000,	50000,	'tolong beri toping keju'),
(54,	23,	102,	6,	10000,	60000,	'less sugar'),
(55,	24,	105,	4,	40000,	16000,	'beri varian rasa'),
(56,	25,	101,	10,	10000,	100000,	'beri varian rasa'),
(57,	26,	50,	1,	20000,	20000,	'dibungkus'),
(58,	26,	57,	1,	8000,	8000,	'dibungkus'),
(59,	27,	54,	2,	13000,	26000,	'dibungkus'),
(60,	27,	56,	2,	5000,	10000,	'dibungkus'),
(61,	28,	45,	3,	5000,	15000,	'dibungkus'),
(62,	28,	48,	2,	5000,	10000,	'dibungkus'),
(63,	28,	56,	1,	5000,	5000,	'dibungkus'),
(64,	29,	39,	1,	12000,	12000,	'dibungkus'),
(65,	29,	40,	1,	15000,	15000,	'dibungkus'),
(66,	30,	5,	2,	60000,	60000,	'cabe 3 '),
(67,	31,	9,	3,	85000,	85000,	'pake acar '),
(68,	32,	99,	2,	90000,	90000,	'tambahin gula '),
(69,	33,	8,	2,	20000,	40000,	'tambah sambal dan kerupuk'),
(70,	70,	70,	3,	80000,	81000,	'80000'),
(79,	252,	17,	2,	15000,	30000,	'tidak terlalu manis'),
(83,	34,	54,	4,	13000,	52000,	'extra pedas'),
(97,	35,	26,	4,	16000,	64000,	'varian rasa dicampur'),
(98,	36,	3,	1,	15000,	15000,	'sangat pedas'),
(99,	36,	3,	1,	5000,	5000,	'panas'),
(100,	37,	5,	1,	12000,	12000,	'paket komplid'),
(101,	37,	5,	1,	10000,	10000,	'tidak pedas'),
(102,	38,	6,	1,	14000,	14000,	'tambah pentol'),
(103,	38,	6,	1,	4000,	4000,	'pakai es batu'),
(106,	36,	2,	5,	10000,	50000,	'Banyakin Cabenya'),
(107,	41,	2,	10,	10000,	100000,	'Bang cabenya kurang banyak'),
(108,	42,	2,	15,	10000,	150000,	'biasa bang partiiiiiii'),
(109,	51,	47,	2,	25000,	50000,	'-'),
(110,	52,	8,	2,	20000,	40000,	'Nasi dan kuah di pisah'),
(111,	53,	29,	1,	120000,	120000,	'Bumbu agak lebih banyak'),
(112,	54,	30,	2,	12000,	24000,	'Yang satu tidak dingin'),
(118,	2,	3,	2,	10000,	20000,	'tidak ada'),
(121,	121,	7,	3,	10000,	30000,	'extra kuah'),
(122,	122,	9,	4,	15000,	60000,	'extra cabe'),
(123,	123,	1,	6,	15000,	90000,	'tidak pakai kecap'),
(124,	124,	5,	2,	3000,	6000,	'extra es'),
(131,	13,	15,	5,	9000,	45000,	'Tidak pakai kacang'),
(132,	27,	9,	20,	15000,	300000,	'Tidak pedas'),
(133,	30,	10,	5,	7000,	35000,	'Kuahnya dikit aja'),
(134,	29,	57,	2,	7000,	7000,	'Tidak ada'),
(135,	12,	17,	1,	30000,	30000,	'Nasinya pisah aja'),
(136,	32,	33,	10,	10000,	100000,	'-'),
(137,	80,	2,	3,	10000,	30000,	'Cabe 1'),
(138,	81,	2,	4,	10000,	40000,	'Cabe 2'),
(139,	82,	2,	5,	10000,	50000,	'Cabe 3'),
(140,	90,	23,	3,	16000,	48000,	'KERIPIK JAGUNG'),
(141,	91,	16,	5,	12000,	60000,	'NASI PADANG'),
(142,	92,	1,	3,	12000,	36000,	'NASI GORENG SPESIAL'),
(143,	93,	5,	4,	20000,	80000,	'RAWON SULTAN'),
(144,	86,	20,	1,	3000,	3000,	''),
(145,	87,	20,	1,	3000,	3000,	''),
(146,	88,	31,	1,	5000,	5000,	''),
(147,	89,	22,	1,	2000,	2000,	''),
(148,	94,	32,	2,	10000,	20000,	'diberi toping coklat'),
(149,	95,	2,	2,	10000,	20000,	'diberi telor'),
(150,	96,	7,	2,	10000,	20000,	'dibungkus'),
(151,	97,	10,	1,	10000,	10000,	'saos pisah'),
(152,	98,	3,	2,	20000,	20000,	''),
(153,	99,	2,	1,	15000,	15000,	''),
(159,	10,	3,	2,	55000,	55000,	'nasi goreng pedas sekali'),
(160,	100,	3,	2,	30000,	60000,	'Ekstra toping'),
(161,	12,	2,	3,	5000,	5000,	'es nya yang banyak'),
(162,	5,	2,	2,	10000,	10000,	'sambelnya dipisah yaa'),
(171,	101,	2,	1,	10000,	10000,	''),
(172,	102,	5,	2,	25000,	50000,	''),
(180,	12,	10,	11,	10000,	110000,	'Tidak ada'),
(181,	13,	15,	5,	9000,	45000,	'Tidak pakai kacang'),
(182,	27,	9,	20,	15000,	300000,	'Tidak pedas'),
(183,	30,	10,	5,	7000,	35000,	'Kuahnya dikit aja'),
(184,	29,	57,	2,	7000,	7000,	'Tidak ada'),
(185,	12,	17,	1,	30000,	30000,	'Nasinya pisah aja'),
(187,	1,	2,	3,	10000,	20000,	'tidak ada'),
(188,	11126,	1,	3,	12000,	36000,	'-'),
(189,	11127,	2,	2,	10000,	20000,	'-'),
(190,	11128,	3,	2,	18000,	46000,	'-'),
(191,	51,	47,	2,	25000,	50000,	'-'),
(192,	52,	8,	2,	20000,	40000,	'Nasi dan kuah di pisah'),
(193,	53,	29,	3,	120000,	120000,	'tidak pakai kuah'),
(194,	54,	30,	2,	12000,	24000,	'Yang satu dingin'),
(199,	41,	47,	2,	25000,	50000,	'-'),
(200,	42,	8,	2,	20000,	40000,	'Esnya dibanyakin'),
(201,	43,	29,	3,	120000,	120000,	'tidak pakai kuah'),
(202,	44,	30,	2,	15000,	15000,	'Yang satu dingin'),
(203,	41,	47,	2,	25000,	250000,	'-'),
(204,	42,	8,	2,	20000,	40000,	'Esnya dibanyakin'),
(205,	43,	29,	3,	120000,	120000,	'tidak pakai kuah'),
(206,	44,	30,	2,	15000,	15000,	'Yang satu pedes'),
(207,	14,	5,	2,	15000,	30000,	'sambalnya di pisah'),
(208,	11133,	20,	1,	3000,	3000,	''),
(209,	11133,	45,	1,	5000,	5000,	'mantap rotinya empuk'),
(210,	11134,	47,	1,	25000,	25000,	''),
(211,	11135,	34,	1,	12000,	12000,	''),
(212,	11136,	5,	1,	20000,	20000,	'sambelnya tolong dipisah'),
(213,	11137,	31,	2,	5000,	10000,	'airnya yang dingin'),
(214,	11138,	91,	1,	5000,	5000,	'tolong garing'),
(215,	11139,	1,	1,	12000,	12000,	'Pedes gk pakai cabe'),
(216,	11139,	17,	1,	4000,	4000,	'Manis'),
(217,	11140,	3,	1,	18000,	18000,	'Pakai cumi'),
(218,	11140,	21,	1,	3000,	3000,	'Pakai Es'),
(219,	11141,	8,	1,	20000,	20000,	'Campur rujak'),
(220,	11141,	22,	1,	2000,	2000,	'Pakai Gula'),
(221,	11142,	35,	1,	15000,	15000,	'-'),
(222,	11143,	27,	1,	18000,	1,	'-'),
(223,	11144,	2,	1,	10000,	1,	'-'),
(300,	250,	10,	1,	10000,	10000,	'yang pedes'),
(303,	251,	8,	3,	16500,	50000,	'tidak pakai kuah'),
(806,	606,	808,	1,	13000,	13000,	'Double kresek ya'),
(807,	607,	808,	3,	13000,	49000,	'Double kresek ya'),
(808,	608,	808,	4,	13000,	52000,	'Double kresek ya'),
(809,	11146,	1,	2,	12000,	24000,	'Tidak Pakas Saos Tomat'),
(810,	11150,	8,	3,	20000,	60000,	'Kuah Dipisah'),
(811,	11151,	3,	1,	18000,	18000,	'Tidak Pedas'),
(812,	11147,	39,	1,	12000,	12000,	'Bungkus'),
(813,	11148,	16,	3,	12000,	36000,	'Bungkus'),
(814,	11149,	2,	2,	10000,	20000,	'Bungkus'),
(815,	1236,	5,	2,	20000,	40000,	'dibungkus'),
(816,	1239,	50,	3,	20000,	60000,	'makan di tempat'),
(817,	1242,	2,	3,	10000,	30000,	'pedas'),
(818,	1244,	40,	3,	15000,	45000,	'tambah es yang banyak'),
(819,	1245,	46,	3,	30000,	90000,	'makan di tempat'),
(820,	11155,	1,	1,	15000,	15000,	'Pake Nasi dong sayang!'),
(821,	11156,	2,	1,	15000,	15000,	'Gak usah kembalian'),
(822,	11157,	53,	2,	10000,	20000,	'Pedes karet merah'),
(824,	11158,	5,	5,	0,	0,	''),
(825,	11142,	35,	1,	15000,	15000,	'-'),
(826,	11143,	27,	1,	18000,	1,	'-'),
(827,	11144,	2,	1,	10000,	1,	'-'),
(828,	11169,	35,	1,	15000,	15000,	'-'),
(829,	11170,	27,	1,	18000,	1,	'-'),
(830,	11171,	2,	1,	10000,	1,	'-'),
(839,	11169,	35,	1,	15000,	15000,	'-'),
(840,	11170,	27,	1,	20000,	1,	'-'),
(841,	11171,	2,	1,	10000,	1,	'-'),
(846,	11174,	33,	1,	42000,	42000,	'-'),
(847,	11175,	34,	4,	48000,	48000,	'-'),
(848,	11176,	35,	5,	75000,	75000,	'-'),
(849,	11169,	35,	1,	15000,	15000,	'-'),
(850,	11170,	27,	1,	20000,	1,	'-'),
(851,	11171,	2,	1,	10000,	1,	'-'),
(852,	11177,	86,	1,	20000,	20000,	'tidak pakai tusuk sate'),
(853,	11178,	87,	2,	20000,	40000,	'pakai sambel merah'),
(854,	11179,	88,	3,	10000,	30000,	'sedotan 2'),
(855,	11180,	35,	2,	15000,	30000,	'-'),
(856,	11181,	27,	1,	18000,	1,	'-'),
(857,	11182,	2,	1,	10000,	1,	'-'),
(858,	11188,	1,	1,	15000,	15000,	'Pedes'),
(859,	11189,	2,	3,	10000,	30000,	'Gak Pedes'),
(860,	11190,	3,	2,	20000,	40000,	'Gausah Nasi'),
(861,	1230,	2,	2,	10000,	20000,	'tidak pake sayur'),
(862,	1234,	50,	3,	15000,	45000,	'sambalnya ditambah'),
(863,	1237,	10,	1,	13500,	13500,	'bumbunya ditambah'),
(864,	87,	1,	1,	15000,	15000,	'Diberi toping yaa!!'),
(865,	44,	26,	3,	58000,	58000,	'Kembaliannya ambil saja'),
(866,	37,	53,	6,	100000,	100000,	'Dibungkuss'),
(867,	11169,	35,	1,	15000,	15000,	'-'),
(868,	11170,	27,	1,	20000,	1,	'-'),
(869,	11171,	2,	1,	10000,	1,	'-'),
(870,	11169,	35,	1,	15000,	15000,	'-'),
(871,	11170,	27,	1,	20000,	1,	'-'),
(872,	11171,	2,	1,	10000,	1,	'-'),
(873,	11194,	137,	1,	20000,	20000,	'Tidak pakai sambal'),
(874,	11195,	136,	1,	2000,	2000,	'Rasa pandan'),
(875,	11196,	140,	2,	15000,	30000,	'Less ice'),
(877,	1222,	40,	4,	80000,	30000,	'Pedas extra'),
(878,	1223,	46,	4,	25000,	2000,	'Full Coklat'),
(879,	11197,	37,	1,	18000,	18000,	'tambahkan sambal'),
(880,	11198,	39,	2,	20000,	40000,	'bebeknya garingkan'),
(881,	11199,	30,	3,	10000,	30000,	'Maniskan'),
(882,	11204,	137,	2,	20000,	40000,	'Telur dadar'),
(883,	11205,	2,	3,	10000,	30000,	'gak pake caos'),
(884,	11206,	140,	2,	15000,	30000,	'gak pake nanas'),
(885,	87,	1,	1,	15000,	15000,	'Toppingnya Agak Banyakan!!'),
(886,	44,	26,	3,	58000,	58000,	'Ambil saja sisanya kembalinya'),
(887,	37,	53,	6,	100000,	100000,	'Dibawa pulang'),
(888,	1831,	37,	2,	18000,	36000,	'Pedas Semua'),
(889,	1832,	39,	2,	20000,	40000,	'Bumbunya Ditambah'),
(890,	1833,	3,	2,	20000,	40000,	'Tidak Pedas'),
(891,	95,	3,	1,	20000,	20000,	'yang pedas'),
(892,	96,	20,	2,	40000,	40000,	''),
(893,	97,	10,	1,	27000,	27000,	'minta tambah satu gratis dong'),
(903,	1243,	1,	1,	15000,	15000,	'Pedes'),
(904,	1244,	3,	1,	20000,	20000,	'Tidak pakai sayur'),
(905,	1245,	20,	1,	19000,	19000,	'esnya dipisah'),
(907,	11225,	1,	1,	15000,	15000,	'bungkus'),
(908,	11225,	2,	1,	10000,	10000,	'bungkus'),
(909,	11225,	3,	1,	20000,	20000,	'bungkus'),
(910,	11225,	30,	1,	10000,	10000,	'bungkus'),
(913,	11226,	39,	2,	20000,	40000,	'bungkus'),
(914,	11216,	3,	1,	20000,	50000,	''),
(915,	11227,	3,	2,	20000,	40000,	'bungkus'),
(916,	11227,	1,	1,	15000,	15000,	'bungkus'),
(917,	11229,	2,	4,	10000,	40000,	'sambelnya kurangin'),
(918,	11230,	2,	5,	10000,	50000,	'sambelnya kurang manis'),
(919,	11231,	2,	6,	10000,	60000,	'sambelnya kurang enak'),
(920,	11200,	3,	1,	20000,	20000,	'Bungkus'),
(921,	11200,	2,	3,	10000,	30000,	'Bungkus'),
(922,	11201,	16,	1,	20000,	20000,	''),
(923,	11202,	1,	1,	15000,	15000,	'Tanpa Saus'),
(924,	11203,	8,	1,	30000,	30000,	''),
(925,	11235,	30,	5,	10000,	50000,	'pedes bgt'),
(926,	11235,	106,	4,	15000,	60000,	'jgn pelit cabe'),
(927,	11232,	39,	1,	8000,	8000,	'tidak terlalu manis'),
(928,	11233,	1,	2,	15000,	30000,	'tidak terlalu pedas'),
(929,	11239,	3,	1,	8000,	8000,	''),
(930,	11240,	2,	2,	15000,	15000,	'');

DROP TABLE IF EXISTS `product`;
CREATE TABLE `product` (
  `malkist_kelapa` varchar(20) NOT NULL
) ENGINE=MyISAM DEFAULT CHARSET=latin1;


DROP TABLE IF EXISTS `produk`;
CREATE TABLE `produk` (
  `id_produk` varchar(5) NOT NULL,
  `idtoko` int(11) NOT NULL,
  `nama_produk` varchar(100) NOT NULL,
  `harga_produk` decimal(20,0) NOT NULL,
  `kategori` enum('makanan','miniman','snack') DEFAULT NULL,
  PRIMARY KEY (`id_produk`),
  KEY `id_toko` (`idtoko`),
  CONSTRAINT `produk_ibfk_1` FOREIGN KEY (`idtoko`) REFERENCES `toko` (`idtoko`)
) ENGINE=InnoDB DEFAULT CHARSET=latin1;

INSERT INTO `produk` (`id_produk`, `idtoko`, `nama_produk`, `harga_produk`, `kategori`) VALUES
('',	5,	'Ketoprak',	13000,	NULL),
('A001',	4,	'McFlurry Oreo',	6364,	'snack'),
('A002',	4,	'Fanta Float',	7055,	'snack'),
('A003',	4,	'Hashbrown',	8000,	'snack'),
('a006',	4,	'French Fries',	12000,	'makanan'),
('a008',	3,	'Mexican Tacos',	15000,	'makanan'),
('A077',	6,	'Brown sugar',	15000,	'miniman'),
('B001',	4,	'McDonald\'s Fillet-O-Fish',	22000,	'makanan'),
('B002',	4,	'Big Mac',	40000,	'makanan'),
('B106',	3,	'Mie Bajak Prokpak',	10000,	'makanan'),
('C003',	4,	'Tea',	54000,	'miniman'),
('C205',	2,	'red velvet',	30000,	'miniman'),
('HMB05',	11,	'Hamburger double cheese beef',	35000,	'snack'),
('K001',	13,	'2 Ayam 2 Nasi',	40000,	'makanan'),
('K002',	13,	'2 Krunchy Burger 2 French Fries',	45000,	'makanan'),
('M001',	3,	'Beef Burger',	16000,	'makanan'),
('M002',	3,	'Cheese Burger',	18000,	'makanan'),
('M003',	3,	'Chicken Burger',	15000,	'makanan'),
('M004',	3,	'Chicken Strip',	13000,	'makanan'),
('M101',	3,	'Milo',	8000,	'miniman'),
('M102',	3,	'Ice Cone',	4000,	'miniman'),
('M103',	3,	'Float',	9000,	'miniman'),
('RM101',	2,	'Nabati',	12000,	'snack'),
('S001',	3,	'French Fries',	11000,	'snack'),
('S002',	3,	'Nugget',	11500,	'snack'),
('S011',	6,	'Dalgona coffee',	14000,	'miniman');

DROP TABLE IF EXISTS `tbBarang`;
CREATE TABLE `tbBarang` (
  `Kode_Barang` char(10) NOT NULL,
  `Nama_Barang` varchar(30) DEFAULT NULL,
  `Satuan` varchar(25) DEFAULT NULL,
  `Harga_Beli` double DEFAULT NULL,
  `Harga_Jual` double DEFAULT NULL,
  PRIMARY KEY (`Kode_Barang`)
) ENGINE=MyISAM DEFAULT CHARSET=latin1;


DROP TABLE IF EXISTS `toko`;
CREATE TABLE `toko` (
  `idtoko` int(11) NOT NULL AUTO_INCREMENT,
  `namatoko` varchar(100) NOT NULL,
  `alamat` varchar(100) NOT NULL,
  `notelp` varchar(20) NOT NULL,
  PRIMARY KEY (`idtoko`)
) ENGINE=InnoDB DEFAULT CHARSET=latin1;

INSERT INTO `toko` (`idtoko`, `namatoko`, `alamat`, `notelp`) VALUES
(1,	'Mcd Bangkalan',	'Jl A. Yani 20',	'313011147'),
(2,	'Remaja',	'Jl. Panglima Sudirman No. 12',	'088214830271'),
(3,	'M2M',	'Jl. Raya Telang, Perumahan Telang Indah, Telang, Kec. Kamal, Kabupaten Bangkalan, Jawa Timur 69162',	'082228440084'),
(4,	'McDonald\'s Graha Family',	'Jl. Raya Graha Family Utara, Middle Ring Road Pintu Barat Perumahan Graha Family 60227 Surabaya',	'+62 31 7320803'),
(5,	'Matahari',	'Tanjung Plaza Surabaya',	'03153266638'),
(6,	'Teh Break',	'Jl. Sultan Abd. Kadirun Bangkalan',	'08223334623'),
(7,	'Warung Bebek Sinjay',	'Jl. Raya Ketengan No. 45',	'082736589973'),
(8,	'kopi joy',	'jalan trunojoyo',	'085673456754'),
(9,	'tea break',	'jl.burneh',	'082330675843'),
(10,	'Mie Bajak',	'Jl. Pangaranan Sumenep',	'085278717387'),
(11,	'Mcd Plaza Surabaya',	'PPMX+VPW, Embong Kaliasin, Kec. Genteng, Kota SBY, Jawa Timur 60271',	'081234567891'),
(12,	'Toko Haris',	'Jl. Jombang Jawa Timur',	'085784574085'),
(13,	'KFC Bangkalan',	'Jl. Trunojoyo, Pejagan, Kec. Bangkalan, Kabupaten Bangkalan',	'08117157314'),
(14,	'sang surya coffee',	'telang indah gg. 6 timur',	'0895396346180');

DROP TABLE IF EXISTS `transaksi`;
CREATE TABLE `transaksi` (
  `idtransaksi` int(11) NOT NULL AUTO_INCREMENT,
  `tgltransaksi` date NOT NULL,
  `jam` time NOT NULL,
  `id_kasir` int(11) NOT NULL,
  `nama_pembeli` varchar(100) NOT NULL,
  `jumlahitem` int(11) NOT NULL,
  `total_bayar` decimal(20,0) NOT NULL,
  `idtoko` int(11) NOT NULL,
  PRIMARY KEY (`idtransaksi`),
  KEY `FOREIGN KEY` (`idtoko`)
) ENGINE=InnoDB DEFAULT CHARSET=latin1;

INSERT INTO `transaksi` (`idtransaksi`, `tgltransaksi`, `jam`, `id_kasir`, `nama_pembeli`, `jumlahitem`, `total_bayar`, `idtoko`) VALUES
(1,	'2022-02-27',	'19:10:05',	2,	'Ulia',	2,	19000,	0),
(2,	'2022-03-01',	'11:15:07',	2,	'Nadiya',	2,	27000,	0),
(3,	'2022-03-02',	'12:22:44',	2,	'Yani',	2,	15500,	0),
(4,	'2022-03-02',	'12:12:41',	2,	'Aisyah',	2,	23000,	0),
(5,	'2022-03-01',	'13:09:14',	2,	'Baihaki',	3,	10500,	0),
(6,	'2022-01-07',	'15:17:00',	3,	'Astia',	3,	25735,	0),
(7,	'2022-01-12',	'12:10:02',	2,	'Ina',	3,	20000,	2),
(8,	'2022-01-01',	'00:00:17',	3,	'Isnain',	1,	8800,	1),
(9,	'2022-03-03',	'17:50:00',	7,	'Hidayat',	1,	14000,	0),
(10,	'2022-03-03',	'00:00:22',	3,	'Tri',	2,	15700,	0),
(11,	'2022-04-10',	'12:30:45',	44,	'tiara',	3,	90000,	0),
(12,	'2022-03-03',	'22:51:00',	13,	'Fai',	4,	54000,	0),
(13,	'2022-03-03',	'19:45:19',	87,	'Alfii',	2,	50000,	0),
(14,	'2022-03-03',	'23:22:42',	11,	'Mulee',	2,	70000,	0),
(15,	'2022-03-05',	'08:00:00',	70,	'Juleha',	2,	30000,	0),
(16,	'2022-03-06',	'13:17:47',	46,	'Irul',	2,	80000,	0),
(17,	'2022-08-03',	'13:02:06',	46,	'Maulana Malik Ibrohim',	2,	90000,	0),
(18,	'2022-03-15',	'13:00:00',	2,	'Hidayat',	1,	20000,	0),
(19,	'2022-03-16',	'14:00:00',	2,	'Hidayat',	1,	20000,	1),
(20,	'2022-03-09',	'19:07:08',	3,	'Aisyah',	2,	40000,	0),
(21,	'2022-03-10',	'19:07:08',	94,	'Aisyah',	1,	50000,	1);

DROP TABLE IF EXISTS `transaksi_detil`;
CREATE TABLE `transaksi_detil` (
  `id_transaksi_detil` int(11) NOT NULL AUTO_INCREMENT,
  `id_transaksi` int(11) NOT NULL,
  `id_produk` varchar(5) NOT NULL,
  `jumlah` int(11) NOT NULL,
  `harga` decimal(20,0) NOT NULL,
  `subtotal` decimal(20,0) NOT NULL,
  PRIMARY KEY (`id_transaksi_detil`),
  KEY `id_transaksi` (`id_transaksi`),
  KEY `id_produk` (`id_produk`),
  CONSTRAINT `transaksi_detil_ibfk_1` FOREIGN KEY (`id_transaksi`) REFERENCES `transaksi` (`idtransaksi`),
  CONSTRAINT `transaksi_detil_ibfk_2` FOREIGN KEY (`id_produk`) REFERENCES `produk` (`id_produk`)
) ENGINE=InnoDB DEFAULT CHARSET=latin1;

INSERT INTO `transaksi_detil` (`id_transaksi_detil`, `id_transaksi`, `id_produk`, `jumlah`, `harga`, `subtotal`) VALUES
(1,	1,	'S001',	1,	11000,	11000),
(2,	1,	'M101',	1,	8000,	8000),
(3,	2,	'M002',	1,	18000,	18000),
(4,	2,	'M103',	1,	9000,	9000),
(5,	3,	'S002',	1,	11500,	11500),
(6,	3,	'M102',	1,	4000,	4000),
(7,	4,	'M003',	1,	15000,	15000),
(8,	4,	'M101',	1,	8000,	8000),
(9,	6,	'A002',	2,	14110,	39845),
(12,	6,	'a006',	2,	15000,	15000),
(13,	8,	'A003',	1,	8000,	8000),
(15,	9,	'S011',	1,	14000,	14000),
(18,	13,	'B106',	2,	10000,	20000),
(19,	14,	'HMB05',	2,	35000,	70000),
(20,	15,	'A077',	2,	15000,	30000),
(21,	16,	'K001',	2,	40000,	80000),
(22,	17,	'K002',	2,	45000,	90000),
(23,	1,	'M101',	2,	8000,	8000);

DROP VIEW IF EXISTS `v_daftarproduk`;
CREATE TABLE `v_daftarproduk` (`nama_produk` varchar(100));


DROP VIEW IF EXISTS `v_pesanan_produk`;
CREATE TABLE `v_pesanan_produk` (`nm_pelanggan` varchar(100), `tgl` date, `total_uang` decimal(20,0), `jumlah_item` int(11), `nama` varchar(30), `nohp` varchar(20), `namatoko` varchar(100), `alamat` varchar(100), `nama_menu` varchar(100), `harga` decimal(20,0), `subtotal` decimal(20,0), `catatan` varchar(100));


DROP TABLE IF EXISTS `v_daftarproduk`;
CREATE ALGORITHM=UNDEFINED DEFINER=`ejuwelen_user1`@`jakiro.beon.co.id` SQL SECURITY DEFINER VIEW `v_daftarproduk` AS select `produk`.`nama_produk` AS `nama_produk` from `produk` order by `produk`.`nama_produk` desc;

DROP TABLE IF EXISTS `v_pesanan_produk`;
CREATE ALGORITHM=UNDEFINED SQL SECURITY DEFINER VIEW `v_pesanan_produk` AS select `pesanan`.`nm_pelanggan` AS `nm_pelanggan`,`pesanan`.`tgl` AS `tgl`,`pesanan`.`total_uang` AS `total_uang`,`pesanan`.`jumlah_item` AS `jumlah_item`,`kasir`.`nama` AS `nama`,`kasir`.`nohp` AS `nohp`,`toko`.`namatoko` AS `namatoko`,`toko`.`alamat` AS `alamat`,`menu`.`nama_menu` AS `nama_menu`,`pesanan_detil`.`harga` AS `harga`,`pesanan_detil`.`subtotal` AS `subtotal`,`pesanan_detil`.`catatan` AS `catatan` from ((((`pesanan` left join `pesanan_detil` on(`pesanan_detil`.`id_pesanan` = `pesanan`.`id_pesanan`)) left join `kasir` on(`kasir`.`id kasir` = `pesanan`.`id_kasir`)) left join `toko` on(`kasir`.`idtoko` = `toko`.`idtoko`)) left join `menu` on(`pesanan_detil`.`id_menu` = `menu`.`idmenu`));

-- 2022-03-17 09:30:24
